-- --------------------------------------------------------
-- Hôte :                        127.0.0.1
-- Version du serveur:           5.6.38 - MySQL Community Server (GPL)
-- SE du serveur:                osx10.9
-- HeidiSQL Version:             9.5.0.5196
-- --------------------------------------------------------

/*!40101 SET @OLD_CHARACTER_SET_CLIENT=@@CHARACTER_SET_CLIENT */;
/*!40101 SET NAMES utf8 */;
/*!50503 SET NAMES utf8mb4 */;
/*!40014 SET @OLD_FOREIGN_KEY_CHECKS=@@FOREIGN_KEY_CHECKS, FOREIGN_KEY_CHECKS=0 */;
/*!40101 SET @OLD_SQL_MODE=@@SQL_MODE, SQL_MODE='NO_AUTO_VALUE_ON_ZERO' */;


-- Export de la structure de la base pour airbnb
DROP DATABASE IF EXISTS `airbnb`;
CREATE DATABASE IF NOT EXISTS `airbnb` /*!40100 DEFAULT CHARACTER SET utf8 */;
USE `airbnb`;

-- Export de la structure de la table airbnb. addresses
DROP TABLE IF EXISTS `addresses`;
CREATE TABLE IF NOT EXISTS `addresses` (
  `id` int(11) unsigned NOT NULL AUTO_INCREMENT,
  `country` varchar(50) NOT NULL,
  `city` varchar(50) NOT NULL,
  PRIMARY KEY (`id`)
) ENGINE=InnoDB AUTO_INCREMENT=658 DEFAULT CHARSET=utf8;

-- Export de données de la table airbnb.addresses : ~606 rows (environ)
DELETE FROM `addresses`;
/*!40000 ALTER TABLE `addresses` DISABLE KEYS */;
INSERT INTO `addresses` (`id`, `country`, `city`) VALUES
	(1, 'Belgium', 'Melsele'),
	(2, 'Belgium', 'Itterbeek'),
	(3, 'France', 'Sète'),
	(4, 'Belgium', 'Jauchelette'),
	(5, 'Belgium', 'Cognelee'),
	(6, 'Belgium', 'Martelange'),
	(7, 'France', 'Bastia'),
	(8, 'Belgium', 'Oudergem'),
	(9, 'Belgium', 'Grand-Reng'),
	(10, 'France', 'Chartres'),
	(11, 'Belgium', 'Erpion'),
	(12, 'France', 'Vichy'),
	(13, 'France', 'Nevers'),
	(14, 'France', 'Limoges'),
	(15, 'France', 'Talence'),
	(16, 'France', 'Grasse'),
	(17, 'France', 'Rodez'),
	(18, 'Belgium', 'Nossegem'),
	(19, 'Belgium', 'Seloignes'),
	(20, 'Belgium', 'Oostmalle'),
	(21, 'France', 'Béziers'),
	(22, 'Belgium', 'Saint-Remy-Geest'),
	(23, 'Belgium', 'Klemskerke'),
	(24, 'Belgium', 'Monceau-sur-Sambre'),
	(25, 'Belgium', 'Termes'),
	(26, 'France', 'La Seyne-sur-Mer'),
	(27, 'France', 'Bastia'),
	(28, 'Belgium', 'Braives'),
	(29, 'Belgium', 'Burcht'),
	(30, 'Belgium', 'Archennes'),
	(31, 'France', 'Épinal'),
	(32, 'Belgium', 'Merbes-Sainte-Marie'),
	(33, 'France', 'Rezé'),
	(34, 'Belgium', 'Pulle'),
	(35, 'France', 'Rennes'),
	(36, 'Belgium', 'Bousval'),
	(37, 'Belgium', 'Marbais'),
	(38, 'Belgium', 'Neder-Over-Heembeek'),
	(39, 'Belgium', 'Ways'),
	(40, 'Belgium', 'FerriŽres'),
	(41, 'Belgium', 'Leers-et-Fosteau'),
	(42, 'Belgium', 'Guirsch'),
	(43, 'France', 'Liévin'),
	(44, 'France', 'Versailles'),
	(45, 'France', 'Châtellerault'),
	(46, 'Belgium', 'Lier'),
	(47, 'France', 'Grasse'),
	(48, 'Belgium', 'Afsnee'),
	(49, 'France', 'Pau'),
	(50, 'France', 'Saint-Herblain'),
	(51, 'France', 'La Roche-sur-Yon'),
	(52, 'France', 'Lambersart'),
	(53, 'Belgium', 'VTM'),
	(54, 'Belgium', 'Booischot'),
	(55, 'Belgium', 'Zandhoven'),
	(56, 'France', 'Valenciennes'),
	(57, 'Belgium', 'Nieuwmunster'),
	(58, 'France', 'Béthune'),
	(59, 'Belgium', 'Uitbergen'),
	(60, 'Belgium', 'Berlare'),
	(61, 'Belgium', 'Jauchelette'),
	(62, 'France', 'Chartres'),
	(63, 'Belgium', 'Massemen'),
	(64, 'Belgium', 'Oostkerke'),
	(65, 'France', 'Talence'),
	(66, 'Belgium', 'Helkijn'),
	(67, 'France', 'Gap'),
	(68, 'France', 'Troyes'),
	(69, 'Belgium', 'Petit-Hallet'),
	(70, 'France', 'Aubervilliers'),
	(71, 'France', 'Albi'),
	(72, 'France', 'Vandoeuvre-lès-Nancy'),
	(73, 'France', 'Saintes'),
	(74, 'Belgium', 'Longchamps'),
	(75, 'France', 'Saint-Dizier'),
	(76, 'Belgium', 'Liers'),
	(77, 'France', 'Biarritz'),
	(78, 'Belgium', 'Sart-Dames-Avelines'),
	(79, 'Belgium', 'Cherain'),
	(80, 'France', 'Orléans'),
	(81, 'Belgium', 'Merchtem'),
	(82, 'Belgium', 'Dolembreux'),
	(83, 'Belgium', 'Milmort'),
	(84, 'France', 'Hénin-Beaumont'),
	(85, 'France', 'Montreuil'),
	(86, 'France', 'Ajaccio'),
	(87, 'France', 'Montigny-lès-Metz'),
	(88, 'Belgium', 'Baardegem'),
	(89, 'Belgium', 'Oudekapelle'),
	(90, 'France', 'Metz'),
	(91, 'Belgium', 'Zevekote'),
	(92, 'Belgium', 'Afsnee'),
	(93, 'France', 'Strasbourg'),
	(94, 'France', 'Colmar'),
	(95, 'Belgium', 'Cortil-Noirmont'),
	(96, 'Belgium', 'Herentals'),
	(97, 'Belgium', 'Haut-Ittre'),
	(98, 'France', 'Nice'),
	(99, 'France', 'Niort'),
	(100, 'France', 'Saint-Dié-des-Vosges'),
	(101, 'France', 'Mâcon'),
	(102, 'France', 'Perpignan'),
	(103, 'Belgium', 'Saint-GŽry'),
	(104, 'France', 'Mulhouse'),
	(105, 'France', 'Lorient'),
	(106, 'France', 'Montluçon'),
	(107, 'Belgium', 'Temse'),
	(108, 'Belgium', 'Schepdaal'),
	(109, 'Belgium', 'Orp-Jauche'),
	(110, 'France', 'Aurillac'),
	(111, 'Belgium', 'Lint'),
	(112, 'France', 'Montpellier'),
	(113, 'France', 'Joué-lès-Tours'),
	(114, 'France', 'Montigny-lès-Metz'),
	(115, 'Belgium', 'Koningshooikt'),
	(116, 'Belgium', 'Sint-Kruis'),
	(117, 'France', 'Chartres'),
	(118, 'France', 'Saint-Herblain'),
	(119, 'Belgium', 'Etterbeek'),
	(120, 'France', 'Vierzon'),
	(121, 'Belgium', 'Knokke-Heist'),
	(122, 'Belgium', 'Ekeren'),
	(123, 'France', 'Brest'),
	(124, 'France', 'Le Puy-en-Velay'),
	(125, 'France', 'Saint-Sébastien-sur-Loire'),
	(126, 'France', 'Roubaix'),
	(127, 'France', 'Gap'),
	(128, 'Belgium', 'Relegem'),
	(129, 'France', 'Boulogne-Billancourt'),
	(130, 'Belgium', 'Noduwez'),
	(131, 'France', 'Tarbes'),
	(132, 'Belgium', 'Leval-Chaudeville'),
	(133, 'Belgium', 'ZŽtrud-Lumay'),
	(134, 'Belgium', 'Grand-Reng'),
	(135, 'Belgium', 'Knokke'),
	(136, 'France', 'Abbeville'),
	(137, 'France', 'Bourges'),
	(138, 'France', 'Vandoeuvre-lès-Nancy'),
	(139, 'Belgium', 'Xhoris'),
	(140, 'France', 'Niort'),
	(141, 'France', 'Boulogne-Billancourt'),
	(142, 'Belgium', 'Branchon'),
	(143, 'Belgium', 'Signeulx'),
	(144, 'Belgium', 'Oudenaken'),
	(145, 'Belgium', 'Incourt'),
	(146, 'Belgium', 'Helkijn'),
	(147, 'France', 'Haguenau'),
	(148, 'Belgium', 'Beauvechain'),
	(149, 'Belgium', 'Jette'),
	(150, 'France', 'Castres'),
	(151, 'Belgium', 'Loy'),
	(152, 'Belgium', 'Robechies'),
	(153, 'Belgium', 'Villers-lez-Heest'),
	(154, 'France', 'Nice'),
	(155, 'Belgium', 'Buizingen'),
	(156, 'Belgium', 'Plancenoit'),
	(157, 'Belgium', 'Lonzee'),
	(158, 'Belgium', 'Fontaine-l\'Evque'),
	(159, 'Belgium', 'Froidchapelle'),
	(160, 'France', 'Dole'),
	(161, 'Belgium', 'Toernich'),
	(162, 'France', 'Cholet'),
	(163, 'Belgium', 'Zelzate'),
	(164, 'Belgium', 'Baasrode'),
	(165, 'France', 'Albi'),
	(166, 'Belgium', 'Nederhasselt'),
	(167, 'Belgium', 'Merksplas'),
	(168, 'Belgium', 'Brussel'),
	(169, 'France', 'Tournefeuille'),
	(170, 'Belgium', 'Gerpinnes'),
	(171, 'Belgium', 'Poppel'),
	(172, 'France', 'Asnières-sur-Seine'),
	(173, 'France', 'Talence'),
	(174, 'France', 'Brive-la-Gaillarde'),
	(175, 'France', 'La Rochelle'),
	(176, 'Belgium', 'Arlon'),
	(177, 'Belgium', 'Rouvreux'),
	(178, 'France', 'Poitiers'),
	(179, 'France', 'Tarbes'),
	(180, 'Belgium', 'Lichtaart'),
	(181, 'France', 'Strasbourg'),
	(182, 'Belgium', 'Florenville'),
	(183, 'Belgium', 'Goutroux'),
	(184, 'France', 'Sotteville-lès-Rouen'),
	(185, 'France', 'Angoulême'),
	(186, 'Belgium', 'Genval'),
	(187, 'Belgium', 'Renlies'),
	(188, 'Belgium', 'Dongelberg'),
	(189, 'France', 'Auxerre'),
	(190, 'Belgium', 'Teralfene'),
	(191, 'Belgium', 'Keumiee'),
	(192, 'Belgium', 'Wortel'),
	(193, 'Belgium', 'Leffinge'),
	(194, 'France', 'Alençon'),
	(195, 'France', 'Arles'),
	(196, 'France', 'Cherbourg-Octeville'),
	(197, 'France', 'Rezé'),
	(198, 'France', 'Brest'),
	(199, 'France', 'Sens'),
	(200, 'France', 'Saint-Denis'),
	(201, 'France', 'Angoulême'),
	(202, 'France', 'Bastia'),
	(203, 'Belgium', 'Uitkerke'),
	(204, 'Belgium', 'Nodebais'),
	(205, 'France', 'Toulon'),
	(206, 'France', 'Brest'),
	(207, 'Belgium', 'Londerzeel'),
	(208, 'Belgium', 'Moerzeke'),
	(209, 'France', 'Versailles'),
	(210, 'Belgium', 'Westerlo'),
	(211, 'France', 'Vandoeuvre-lès-Nancy'),
	(212, 'France', 'Saintes'),
	(213, 'Belgium', 'Schore'),
	(214, 'Belgium', 'Aisemont'),
	(215, 'Belgium', 'Corroy-le-Grand'),
	(216, 'France', 'Dunkerque'),
	(217, 'France', 'Toulon'),
	(218, 'Belgium', 'Poppel'),
	(219, 'France', 'Poitiers'),
	(220, 'France', 'Antibes'),
	(221, 'Belgium', 'Huppaye'),
	(222, 'Belgium', 'Izel'),
	(223, 'Belgium', 'Longchamps'),
	(224, 'France', 'Le Havre'),
	(225, 'Belgium', 'Nothomb'),
	(226, 'France', 'Nancy'),
	(227, 'France', 'Mâcon'),
	(228, 'Belgium', 'Moere'),
	(229, 'France', 'Dijon'),
	(230, 'Belgium', 'Eernegem'),
	(231, 'France', 'Argenteuil'),
	(232, 'Belgium', 'Watermaal-Bosvoorde'),
	(233, 'France', 'Joué-lès-Tours'),
	(234, 'France', 'Sarreguemines'),
	(235, 'Belgium', 'Filot'),
	(236, 'Belgium', 'Sint-Joost-ten-Node'),
	(237, 'Belgium', 'Lombardsijde'),
	(238, 'Belgium', 'Wechelderzande'),
	(239, 'France', 'Forbach'),
	(240, 'Belgium', 'LouveignŽ'),
	(241, 'Belgium', 'Nieuwerkerken'),
	(242, 'Belgium', 'Oostkamp'),
	(243, 'France', 'Schiltigheim'),
	(244, 'Belgium', 'Grembergen'),
	(245, 'France', 'Angoulême'),
	(246, 'France', 'Bègles'),
	(247, 'France', 'Aix-en-Provence'),
	(248, 'France', 'Besançon'),
	(249, 'France', 'Châteauroux'),
	(250, 'France', 'Le Puy-en-Velay'),
	(251, 'France', 'Belfort'),
	(252, 'France', 'Le Puy-en-Velay'),
	(253, 'France', 'Montauban'),
	(254, 'France', 'Saint-Dié-des-Vosges'),
	(255, 'Belgium', 'Buizingen'),
	(256, 'France', 'Haguenau'),
	(257, 'France', 'Colmar'),
	(258, 'Belgium', 'Landelies'),
	(259, 'France', 'Narbonne'),
	(260, 'Belgium', 'Champion'),
	(261, 'Belgium', 'Wachtebeke'),
	(262, 'France', 'Dole'),
	(263, 'Belgium', 'LiŽge'),
	(264, 'Belgium', 'Sambreville'),
	(265, 'France', 'Castres'),
	(266, 'Belgium', 'Messancy'),
	(267, 'Belgium', 'Sint-Pieters-Leeuw'),
	(268, 'France', 'Courbevoie'),
	(269, 'Belgium', 'Laken'),
	(270, 'Belgium', 'Hekelgem'),
	(271, 'France', 'Rennes'),
	(272, 'France', 'Bastia'),
	(273, 'Belgium', 'Overmere'),
	(274, 'Belgium', 'Stene'),
	(275, 'Belgium', 'Buken'),
	(276, 'Belgium', 'Baulers'),
	(277, 'Belgium', 'Soye'),
	(278, 'Belgium', 'Nimy'),
	(279, 'Belgium', 'Bihain'),
	(280, 'Belgium', 'Berlare'),
	(281, 'France', 'Aix-en-Provence'),
	(282, 'France', 'Le Petit-Quevilly'),
	(283, 'France', 'Dole'),
	(284, 'Belgium', 'Gooik'),
	(285, 'France', 'Le Puy-en-Velay'),
	(286, 'Belgium', 'Warisoulx'),
	(287, 'France', 'Le Havre'),
	(288, 'Belgium', 'Jodoigne'),
	(289, 'France', 'Vitrolles'),
	(290, 'Belgium', 'Bierges'),
	(291, 'France', 'La Rochelle'),
	(292, 'France', 'Maubeuge'),
	(293, 'Belgium', 'Oudenaken'),
	(294, 'France', 'Ajaccio'),
	(295, 'France', 'Saint-Louis'),
	(296, 'Belgium', 'Crehen'),
	(297, 'France', 'Angoulême'),
	(298, 'France', 'Reims'),
	(299, 'France', 'Pessac'),
	(300, 'France', 'Rouen'),
	(301, 'Belgium', 'Overmere'),
	(302, 'Belgium', 'Tollembeek'),
	(303, 'Belgium', 'Virginal-Samme'),
	(304, 'Belgium', 'Moerbeke'),
	(305, 'Belgium', 'Floriffoux'),
	(306, 'France', 'Besançon'),
	(307, 'Belgium', 'Vieux-Genappe'),
	(308, 'Belgium', 'Maisires'),
	(309, 'France', 'Châteauroux'),
	(310, 'France', 'Vertou'),
	(311, 'Belgium', 'Laarne'),
	(312, 'France', 'Soissons'),
	(313, 'Belgium', 'Bastogne'),
	(314, 'Belgium', 'Saint-Denis-Bovesse'),
	(315, 'France', 'Cambrai'),
	(316, 'Belgium', 'Vorst'),
	(317, 'Belgium', 'Sibret'),
	(318, 'France', 'Limoges'),
	(319, 'Belgium', 'Halle'),
	(320, 'France', 'Saint-Sébastien-sur-Loire'),
	(321, 'Belgium', 'Sint-Amandsberg'),
	(322, 'France', 'Limoges'),
	(323, 'France', 'Mérignac'),
	(324, 'France', 'Le Grand-Quevilly'),
	(325, 'Belgium', 'Slijpe'),
	(326, 'Belgium', 'Sainte-Marie-Chevigny'),
	(327, 'France', 'Reims'),
	(328, 'Belgium', 'Vezin'),
	(329, 'Belgium', 'Nieuwenrode'),
	(330, 'Belgium', 'Itegem'),
	(331, 'France', 'Saint-Quentin'),
	(332, 'France', 'Charleville-Mézières'),
	(333, 'France', 'Orvault'),
	(334, 'France', 'Chartres'),
	(335, 'France', 'Lisieux'),
	(336, 'Belgium', 'Etterbeek'),
	(337, 'France', 'Rennes'),
	(338, 'France', 'Clermont-Ferrand'),
	(339, 'Belgium', 'Watermaal-Bosvoorde'),
	(340, 'France', 'Chalon-sur-Saône'),
	(341, 'France', 'Toulouse'),
	(342, 'France', 'Rouen'),
	(343, 'France', 'Pessac'),
	(344, 'Belgium', 'Ganshoren'),
	(345, 'France', 'Beauvais'),
	(346, 'Belgium', 'Baarle-Hertog'),
	(347, 'Belgium', 'Koningshooikt'),
	(348, 'Belgium', 'Saint-Remy'),
	(349, 'France', 'Montigny-lès-Metz'),
	(350, 'Belgium', 'Sinaai-Waas'),
	(351, 'Belgium', 'Jauche'),
	(352, 'France', 'Le Petit-Quevilly'),
	(353, 'Belgium', 'Bornival'),
	(354, 'Belgium', 'Mellery'),
	(355, 'France', 'Pontarlier'),
	(356, 'Belgium', 'Lonzee'),
	(357, 'Belgium', 'Zaffelare'),
	(358, 'Belgium', 'Lembeek'),
	(359, 'France', 'Hyères'),
	(360, 'Belgium', 'Sint-Kwintens-Lennik'),
	(361, 'Belgium', 'Tourinne'),
	(362, 'Belgium', 'Dendermonde'),
	(363, 'France', 'Châtellerault'),
	(364, 'France', 'Troyes'),
	(365, 'Belgium', 'Beerse'),
	(366, 'France', 'Villeneuve-d\'Ascq'),
	(367, 'France', 'Caen'),
	(368, 'Belgium', 'Habay-la-Neuve'),
	(369, 'France', 'Rouen'),
	(370, 'France', 'Noisy-le-Grand'),
	(371, 'Belgium', 'Zeveneken'),
	(372, 'Belgium', 'Thisnes'),
	(373, 'France', 'Épernay'),
	(374, 'France', 'Rodez'),
	(375, 'Belgium', 'Borsbeek'),
	(376, 'France', 'Béziers'),
	(377, 'Belgium', 'Morkhoven'),
	(378, 'Belgium', 'Sint-Laureins-Berchem'),
	(379, 'France', 'Angers'),
	(380, 'France', 'Rouen'),
	(381, 'Belgium', 'Liberchies'),
	(382, 'France', 'Marcq-en-Baroeul'),
	(383, 'Belgium', 'Deerlijk'),
	(384, 'France', 'Ajaccio'),
	(385, 'Belgium', 'Montleban'),
	(386, 'France', 'Brive-la-Gaillarde'),
	(387, 'France', 'La Roche-sur-Yon'),
	(388, 'France', 'Hérouville-Saint-Clair'),
	(389, 'France', 'Besançon'),
	(390, 'Belgium', 'Huppaye'),
	(391, 'France', 'Cherbourg-Octeville'),
	(392, 'Belgium', 'Relegem'),
	(393, 'France', 'Dole'),
	(394, 'Belgium', 'Grand-RosiŽre-Hottomont'),
	(395, 'Belgium', 'Promo-Control'),
	(396, 'France', 'Alès'),
	(397, 'France', 'Châtellerault'),
	(398, 'France', 'Calais'),
	(399, 'France', 'Saintes'),
	(400, 'France', 'Dunkerque'),
	(401, 'Belgium', 'Schoonaarde'),
	(402, 'Belgium', 'Koekelberg'),
	(403, 'Belgium', 'Perk'),
	(404, 'France', 'Pontarlier'),
	(405, 'Belgium', 'Pulle'),
	(406, 'France', 'Wattrelos'),
	(407, 'France', 'Amiens'),
	(408, 'Belgium', 'Heikruis'),
	(409, 'Belgium', 'Beervelde'),
	(410, 'France', 'Dole'),
	(411, 'Belgium', 'Genval'),
	(412, 'France', 'Saumur'),
	(413, 'France', 'Bordeaux'),
	(414, 'France', 'Cambrai'),
	(415, 'France', 'Saint-Dizier'),
	(416, 'Belgium', 'Mornimont'),
	(417, 'France', 'Saint-Dizier'),
	(418, 'France', 'Le Grand-Quevilly'),
	(419, 'France', 'Angoulême'),
	(420, 'Belgium', 'Sint-Jans-Molenbeek'),
	(421, 'Belgium', 'Grobbendonk'),
	(422, 'France', 'Montbéliard'),
	(423, 'Belgium', 'Herstal'),
	(424, 'Belgium', 'Jemeppe-sur-Meuse'),
	(425, 'Belgium', 'Zaventem'),
	(426, 'Belgium', 'Braives'),
	(427, 'France', 'Montluçon'),
	(428, 'France', 'Bastia'),
	(429, 'Belgium', 'Wiekevorst'),
	(430, 'Belgium', 'Rijkevorsel'),
	(431, 'Belgium', 'Buggenhout'),
	(432, 'Belgium', 'Tilly'),
	(433, 'France', 'Ajaccio'),
	(434, 'Belgium', 'Hallaar'),
	(435, 'France', 'Bastia'),
	(436, 'Belgium', 'Tielen'),
	(437, 'France', 'Biarritz'),
	(438, 'France', 'Asnières-sur-Seine'),
	(439, 'France', 'Mulhouse'),
	(440, 'Belgium', 'Groot-Bijgaarden'),
	(441, 'Belgium', 'Dilbeek'),
	(442, 'France', 'Brive-la-Gaillarde'),
	(443, 'France', 'Le Cannet'),
	(444, 'Belgium', 'LamontzŽe'),
	(445, 'France', 'Chartres'),
	(446, 'Belgium', 'Forchies-la-Marche'),
	(447, 'Belgium', 'Ligney'),
	(448, 'France', 'Ajaccio'),
	(449, 'France', 'Châtellerault'),
	(450, 'France', 'Ajaccio'),
	(451, 'Belgium', 'Doel'),
	(452, 'Belgium', 'Mussy-la-Ville'),
	(453, 'France', 'Calais'),
	(454, 'France', 'Anglet'),
	(455, 'France', 'Vertou'),
	(456, 'France', 'Limoges'),
	(457, 'Belgium', 'Elsene'),
	(458, 'Belgium', 'Avelgem'),
	(459, 'Belgium', 'Zandvoorde'),
	(460, 'France', 'Colmar'),
	(461, 'France', 'Cherbourg-Octeville'),
	(462, 'Belgium', 'Temse'),
	(463, 'Belgium', 'Hulste'),
	(464, 'France', 'Lorient'),
	(465, 'France', 'Pontarlier'),
	(466, 'Belgium', 'Neder-Over-Heembeek'),
	(467, 'Belgium', 'Montignies-sur-Sambre'),
	(468, 'France', 'Levallois-Perret'),
	(469, 'France', 'Béthune'),
	(470, 'France', 'Narbonne'),
	(471, 'Belgium', 'HŽron'),
	(472, 'France', 'Marcq-en-Baroeul'),
	(473, 'Belgium', 'Aubange'),
	(474, 'France', 'Troyes'),
	(475, 'Belgium', 'Galmaarden'),
	(476, 'France', 'Brive-la-Gaillarde'),
	(477, 'Belgium', 'Meetkerke'),
	(478, 'Belgium', 'Jauchelette'),
	(479, 'Belgium', 'LiŽge'),
	(480, 'Belgium', 'Strijtem'),
	(481, 'France', 'Brive-la-Gaillarde'),
	(482, 'Belgium', 'Leuze'),
	(483, 'Belgium', 'Bal‰tre'),
	(484, 'Belgium', 'Bersillies-l\'Abbaye'),
	(485, 'France', 'Blois'),
	(486, 'Belgium', 'B.S.D.'),
	(487, 'Belgium', 'Bellingen'),
	(488, 'Belgium', 'GomzŽ-Andoumont'),
	(489, 'Belgium', 'Hantes-WihŽries'),
	(490, 'France', 'Besançon'),
	(491, 'Belgium', 'Machelen'),
	(492, 'France', 'Nîmes'),
	(493, 'Belgium', 'Sint-Renelde Saintes'),
	(494, 'France', 'Maubeuge'),
	(495, 'France', 'Saint-Lô'),
	(496, 'Belgium', 'Namen'),
	(497, 'France', 'Mâcon'),
	(498, 'France', 'Orléans'),
	(499, 'Belgium', 'Sint-Joost-ten-Node'),
	(500, 'Belgium', 'Meer'),
	(501, 'Belgium', 'Ganshoren'),
	(502, 'France', 'Chartres'),
	(503, 'France', 'Illkirch-Graffenstaden'),
	(504, 'Belgium', 'Sint-Pauwels'),
	(505, 'France', 'Montluçon'),
	(506, 'France', 'Limoges'),
	(507, 'Belgium', 'Merksplas'),
	(508, 'Belgium', 'Sint-Michiels'),
	(509, 'France', 'Joué-lès-Tours'),
	(510, 'Belgium', 'Anthisnes'),
	(511, 'Belgium', 'Meerhout'),
	(512, 'France', 'Montpellier'),
	(513, 'Belgium', 'Bogaarden'),
	(514, 'Belgium', 'Ways'),
	(515, 'France', 'Saint-Louis'),
	(516, 'Belgium', 'Saint-Remy'),
	(517, 'France', 'Compiègne'),
	(518, 'Belgium', 'Darion'),
	(519, 'France', 'Versailles'),
	(520, 'France', 'Nantes'),
	(521, 'France', 'Sens'),
	(522, 'France', 'Pontarlier'),
	(523, 'France', 'Limoges'),
	(524, 'Belgium', 'Lampernisse'),
	(525, 'France', 'Tournefeuille'),
	(526, 'France', 'Rueil-Malmaison'),
	(527, 'France', 'Le Grand-Quevilly'),
	(528, 'Belgium', 'Galmaarden'),
	(529, 'Belgium', 'Buken'),
	(530, 'Belgium', 'Vlissegem'),
	(531, 'France', 'Limoges'),
	(532, 'Belgium', 'Neder-Over-Heembeek'),
	(533, 'France', 'Auxerre'),
	(534, 'France', 'Rueil-Malmaison'),
	(535, 'France', 'Forbach'),
	(536, 'France', 'Avignon'),
	(537, 'Belgium', 'Sint-Gillis-Waas'),
	(538, 'Belgium', 'Herselt'),
	(539, 'France', 'Saint-Brieuc'),
	(540, 'Belgium', 'Kortrijk'),
	(541, 'Belgium', 'Mellet'),
	(542, 'Belgium', 'Pulderbos'),
	(543, 'France', 'Châtellerault'),
	(544, 'Belgium', 'Sint-Lambrechts-Woluwe'),
	(545, 'Belgium', 'Jodoigne-Souveraine'),
	(546, 'Belgium', 'Wasseiges'),
	(547, 'Belgium', 'Sommethonne'),
	(548, 'Belgium', 'Vremde'),
	(549, 'France', 'Brive-la-Gaillarde'),
	(550, 'Belgium', 'Sibret'),
	(551, 'France', 'Montbéliard'),
	(552, 'Belgium', 'Koekelberg'),
	(553, 'Belgium', 'Jauchelette'),
	(554, 'Belgium', 'Moen'),
	(555, 'Belgium', 'Wansin'),
	(556, 'Belgium', 'Charleroi'),
	(557, 'Belgium', 'Zwijnaarde'),
	(558, 'Belgium', 'Beaumont'),
	(559, 'France', 'Le Puy-en-Velay'),
	(560, 'France', 'Brest'),
	(561, 'Belgium', 'Momignies'),
	(562, 'France', 'Bastia'),
	(563, 'France', 'Blois'),
	(564, 'France', 'Joué-lès-Tours'),
	(565, 'Belgium', 'Oetingen'),
	(566, 'Belgium', 'Biez'),
	(567, 'Belgium', 'Vieuxville'),
	(568, 'Belgium', 'Bissegem'),
	(569, 'France', 'Rezé'),
	(570, 'Belgium', 'Destelbergen'),
	(571, 'Belgium', 'Beez'),
	(572, 'France', 'Moulins'),
	(573, 'France', 'Saint-Médard-en-Jalles'),
	(574, 'Belgium', 'Kuurne'),
	(575, 'Belgium', 'Boechout'),
	(576, 'Belgium', 'Robelmont'),
	(577, 'Belgium', 'Tintange'),
	(578, 'Belgium', 'Luik'),
	(579, 'Belgium', 'Evere'),
	(580, 'France', 'Périgueux'),
	(581, 'Belgium', 'Wiekevorst'),
	(582, 'Belgium', 'Heusden'),
	(583, 'France', 'Tournefeuille'),
	(584, 'France', 'Nice'),
	(585, 'Belgium', 'Saint-Denis-Bovesse'),
	(586, 'Belgium', 'Wichelen'),
	(587, 'France', 'Versailles'),
	(588, 'France', 'Abbeville'),
	(589, 'Belgium', 'Lives-sur-Meuse'),
	(590, 'France', 'Saintes'),
	(591, 'Belgium', 'Jette'),
	(592, 'France', 'Brive-la-Gaillarde'),
	(593, 'France', 'Vitry-sur-Seine'),
	(594, 'Belgium', 'Meerle'),
	(595, 'Belgium', 'Halanzy'),
	(596, 'Belgium', 'Boneffe'),
	(597, 'France', 'Saint-Étienne-du-Rouvray'),
	(598, 'Belgium', 'Villers-Poterie'),
	(599, 'Belgium', 'Deurne'),
	(600, 'France', 'Le Havre'),
	(643, '5', '5'),
	(644, 'Francia', 'Pia'),
	(645, 'Francia', 'Pia'),
	(646, 'Francia', 'Pia'),
	(647, 'France', 'Strasbourg'),
	(648, 'France', 'Strasbourg'),
	(649, 'France', 'Strasbourg'),
	(650, 'Mexique', 'Cabo San Lucas'),
	(651, 'Mexique', 'Cabo San Lucas'),
	(652, 'Mexique', 'Cabo San Lucas'),
	(653, 'Mexique', 'Cabo San Lucas'),
	(654, 'Mexique', 'Cabo San Lucas'),
	(655, 'Mexique', 'Cabo San Lucas'),
	(656, 'Mexique', 'Cabo San Lucas'),
	(657, 'Mexique', 'Cabo San Lucas');
/*!40000 ALTER TABLE `addresses` ENABLE KEYS */;

-- Export de la structure de la table airbnb. chambers
DROP TABLE IF EXISTS `chambers`;
CREATE TABLE IF NOT EXISTS `chambers` (
  `id` int(11) unsigned NOT NULL AUTO_INCREMENT,
  `label` varchar(50) NOT NULL,
  `size` int(11) unsigned NOT NULL,
  `bedrooms` int(11) unsigned NOT NULL,
  `description` text NOT NULL,
  `price` float unsigned NOT NULL,
  `housing_id` int(11) unsigned NOT NULL,
  `address_id` int(11) unsigned NOT NULL,
  `owner_id` int(11) unsigned NOT NULL,
  PRIMARY KEY (`id`),
  KEY `FK_chambers_users` (`owner_id`),
  KEY `FK_chambers_addresses` (`address_id`),
  KEY `FK_chambers_housing_types` (`housing_id`),
  CONSTRAINT `FK_chambers_addresses` FOREIGN KEY (`address_id`) REFERENCES `addresses` (`id`) ON DELETE CASCADE,
  CONSTRAINT `FK_chambers_housing_types` FOREIGN KEY (`housing_id`) REFERENCES `housing_types` (`id`) ON DELETE CASCADE,
  CONSTRAINT `FK_chambers_users` FOREIGN KEY (`owner_id`) REFERENCES `users` (`id`) ON DELETE CASCADE
) ENGINE=InnoDB AUTO_INCREMENT=58 DEFAULT CHARSET=utf8;

-- Export de données de la table airbnb.chambers : ~3 rows (environ)
DELETE FROM `chambers`;
/*!40000 ALTER TABLE `chambers` DISABLE KEYS */;
INSERT INTO `chambers` (`id`, `label`, `size`, `bedrooms`, `description`, `price`, `housing_id`, `address_id`, `owner_id`) VALUES
	(49, 'Appartement Carré d\'Or Cathédrale 60m2', 60, 2, 'Appartement 2 pièces de 60m2 plein de charme, situé rue des Orfèvres à quelques mètres de la Cathédrale dans la zone piétonne du Carré d\'Or. Proche de toutes commodités, musées, restaurants, marché de noël, cet appartement lumineux tout équipé saura vous séduire. Frais de ménage inclus. Parking à 50 mètres. More information Le logement Très bel appartement lumineux deux pièces de 60 m2, entièrement rénové pouvant accueillir jusqu\'à 4 personnes au coeur de Strasbourg. Situé rue des Orfèvres au deuxième étage, cet appartement est accessible en tram, voiture (parking situé place du marché neuf ou en sous-terrain, parking GUTENBERG). Ce dernier est équipé: - d\'une cuisine avec plaque de cuisson induction, four, four micro-ondes, réfrigérateur avec partie congélateur, lave-vaisselle ( dosette fournie), Nespresso ( capsules fournies), grille pain, presse agrumes et vaisselle. - d\'un salon salle à manger avec table et 4 chaises, un canapé-lit deux places 160x200cm ( linge de lit fourni), télévision écran plat LED 55 pouces, accès WIFI fibre. - d\'une salle de bains avec sèche-serviettes (draps de bains et savon fournis) et sèche cheveux. - d\'un toilette séparé ( papier toilette fourni). - d\'une chambre avec lit double ( 160 x 200cm), dressing ( linge de lit fourni). Parking à 50 mètres. Accès des voyageurs Le logement entier est accessible. Échanges avec les voyageurs Hôte disponible pour tous renseignements et présent pour vous accueillir (remise des clés entrée et sortie).', 74, 1, 649, 1),
	(50, 'Villa del Toro Rojo #1 rated Superhost in Pedregal', 372, 7, 'Service de ménage quotidien inclus!\r\n\r\nLe concierge disponible 24h / 24 peut vous aider à organiser vos déplacements en transport privé, chef privé, pré-stockage, massages à domicile, activités, réservations pour le dîner et les clubs, tout ce dont vous avez besoin!\r\n\r\nMore information\r\nNous possédons également Villa Luna Nueva à seulement 150 mètres dans la rue, si vous voulez lire plus de commentaires.\r\n\r\nLa villa la plus populaire de Cabo est 6 chambres, 7 salles de bain situées dans la communauté privée et fermée de Pedregal sur les collines au-dessus de Cabo San Lucas, à seulement 1 km du centre-ville.\r\n\r\nLe logement\r\n\r\nÀ l\'intérieur:\r\n\r\n4000 pieds carrés, avec des patios extérieurs spacieux\r\n\r\n6 chambres avec 7 salles de bain complètes, 12 couchages\r\n\r\n• 1 chambre principale avec lit king size, télévision par satellite, terrasse et vue sur l\'océan \r\n• 2ème chambre avec lit queen, TV avec DVD, vue sur l\'océan et terrasse \r\n• 3ème chambre avec lit king \r\n• 4ème chambre avec lit queen \r\n• 5ème chambre avec lit queen \r\n• 6ème chambre avec 2 lits jumeaux\r\n\r\nAppels gratuits partout aux États-Unis avec la ligne téléphonique Vonage® \r\nService téléphonique local \r\nAccès Internet haute vitesse sans fil \r\nÉcran plasma 42 ″ avec DVD et télévision par satellite \r\nSystème audio sans fil Sonos et ou chaîne stéréo avec connectivité ipod \r\nClimatisation partout \r\nVentilateurs de plafond \r\nComptoirs de cuisine en granit \r\nEau purifiée \r\nLave-vaisselle \r\nMachine à laver et sèche-linge \r\nService de ménage quotidien inclus \r\nServiettes de bain et de plage propres fournis quotidiennement\r\n\r\nÀ l\'extérieur:\r\n\r\nPiscine privée avec jacuzzi \r\nGrand patio est parfait pour se divertir \r\nGrande terrasse ensoleillée \r\nBar extérieur en granit \r\nBarbecue à gaz en acier inoxydable Viking \r\nPedregal assure la sécurité 24h / 24 à chaque entrée ainsi que des véhicules de patrouille fonctionnant 24h / 24 et se déplaçant dans la communauté\r\n\r\nAccès des voyageurs\r\n\r\nVous avez accès à toute la villa, y compris notre piscine privée, jacuzzi et beaucoup de stationnement sur notre cul de sac privé.\r\n\r\nÉchanges avec les voyageurs\r\n\r\nNos gestionnaires immobiliers, Juan & Irania, sont les meilleurs à Cabo. Ils vous aideront à organiser le transport, les activités, le pré-approvisionnement en épicerie, vous le nommer. Ils sont merveilleux et très réactifs à tout ce qui se produit au cours de votre voyage.\r\n\r\nAutres remarques\r\n\r\nVous serez accueillis à la propriété par nos gestionnaires Juan & Irania. Ils vous montreront et répondront à vos questions.', 459, 1, 650, 1),
	(54, '6,000 Sq Ft Penthouse Suite @ Playa Grande Resort', 2000, 5, 'Unique en son genre, ancienne unité de développeurs avec près de 6 000 pieds carrés. Cuisine complète et salle à manger. Grand salon avec entrée privée par ascenseur. Deux grandes terrasses avec mobilier de jardin et hamac. Master-Suite est presque 2000 m² avec lit king et un canapé-lit. Grande salle de bains avec double vasque et grand dressing avec entrée privée de votre propre chambre avec bain à remous donnant sur l\'océan avec vue sur Lands End et Pedregal\r\n\r\nMore information\r\nÉchanges avec les voyageurs\r\n\r\nL\'unité est disponible du dimanche 14 avril au 21 avril.', 3670, 1, 654, 1),
	(57, '6,000 Sq Ft Penthouse Suite @ Playa Grande Resort', 2000, 5, 'Unique en son genre, ancienne unité de développeurs avec près de 6 000 pieds carrés. Cuisine complète et salle à manger. Grand salon avec entrée privée par ascenseur. Deux grandes terrasses avec mobilier de jardin et hamac. Master-Suite est presque 2000 m² avec lit king et un canapé-lit. Grande salle de bains avec double vasque et grand dressing avec entrée privée de votre propre chambre avec bain à remous donnant sur l\'océan avec vue sur Lands End et Pedregal\r\n\r\nMore information\r\nÉchanges avec les voyageurs\r\n\r\nL\'unité est disponible du dimanche 14 avril au 21 avril.', 3670, 1, 657, 1);
/*!40000 ALTER TABLE `chambers` ENABLE KEYS */;

-- Export de la structure de la table airbnb. chamber_images
DROP TABLE IF EXISTS `chamber_images`;
CREATE TABLE IF NOT EXISTS `chamber_images` (
  `id` int(11) unsigned NOT NULL AUTO_INCREMENT,
  `chamber_id` int(11) unsigned NOT NULL,
  `image` varchar(255) NOT NULL,
  `alt` varchar(50) NOT NULL,
  PRIMARY KEY (`id`),
  KEY `FK_chamber_images_chambers` (`chamber_id`),
  CONSTRAINT `FK_chamber_images_chambers` FOREIGN KEY (`chamber_id`) REFERENCES `chambers` (`id`) ON DELETE CASCADE
) ENGINE=InnoDB AUTO_INCREMENT=41 DEFAULT CHARSET=utf8;

-- Export de données de la table airbnb.chamber_images : ~5 rows (environ)
DELETE FROM `chamber_images`;
/*!40000 ALTER TABLE `chamber_images` DISABLE KEYS */;
INSERT INTO `chamber_images` (`id`, `chamber_id`, `image`, `alt`) VALUES
	(36, 57, '$2y$10$sZBIxUIniOtL50dUkafGk.9bviaFB0gWQ0t9U2i8u4CMHARclrs6O.8c823cf9-38b8-43c0-b9bb-2e98f449d94b.jpg', '7129.249877416762'),
	(37, 57, '$2y$10$KJT5NTGhYZUhluUInTwpHui£He6AsJXl7znxZL3LFeI59TkY1KR1G.33f664dc-d857-49cf-92ad-a4c15be23ce5.jpg', '2512.3793934587197'),
	(38, 57, '$2y$10$.59q8GcJfAX£2sR8m£KURuwcw2sXu4ShRwYYp5cBRf£9TJ1LMkESK.86e32b57-c2ce-4e84-b20d-8d3b0a9d227e.jpg', '1174.147642379764'),
	(39, 57, '$2y$10$£y8ldHkTnHWiYtuDHlYHEO0zTH£vdcb5ykkKJeQOn3MY2z1K3nVim.8406ffc8-11fe-4d7b-af8d-725cac68e657.jpg', '8333.600338859113'),
	(40, 57, '$2y$10$AYUNkcuYaLPIqJhO9gk1euMppVgo5Wj7wHLm£9iEqtBtlzCHsBQ0u.b5cfca50-91f3-4f3a-b953-fc6bb33841ad.jpg', '8145.559074492714');
/*!40000 ALTER TABLE `chamber_images` ENABLE KEYS */;

-- Export de la structure de la table airbnb. equipements
DROP TABLE IF EXISTS `equipements`;
CREATE TABLE IF NOT EXISTS `equipements` (
  `id` int(11) unsigned NOT NULL AUTO_INCREMENT,
  `label` varchar(50) NOT NULL,
  PRIMARY KEY (`id`)
) ENGINE=InnoDB AUTO_INCREMENT=8 DEFAULT CHARSET=utf8;

-- Export de données de la table airbnb.equipements : ~7 rows (environ)
DELETE FROM `equipements`;
/*!40000 ALTER TABLE `equipements` DISABLE KEYS */;
INSERT INTO `equipements` (`id`, `label`) VALUES
	(1, 'Grille pain'),
	(2, 'Machine à laver'),
	(3, 'Balcon'),
	(4, 'Parking privé'),
	(5, 'Réfrégirateur'),
	(6, 'Congélateur'),
	(7, 'Télé');
/*!40000 ALTER TABLE `equipements` ENABLE KEYS */;

-- Export de la structure de la table airbnb. equipement_chamber
DROP TABLE IF EXISTS `equipement_chamber`;
CREATE TABLE IF NOT EXISTS `equipement_chamber` (
  `equipement_id` int(11) unsigned NOT NULL,
  `chamber_id` int(11) unsigned NOT NULL,
  UNIQUE KEY `equipement_id_chamber_id` (`equipement_id`,`chamber_id`),
  KEY `FK_equipement_chamber_chambers` (`chamber_id`),
  CONSTRAINT `FK_equipement_chamber_chambers` FOREIGN KEY (`chamber_id`) REFERENCES `chambers` (`id`) ON DELETE CASCADE,
  CONSTRAINT `FK_equipement_chamber_equipements` FOREIGN KEY (`equipement_id`) REFERENCES `equipements` (`id`) ON DELETE CASCADE
) ENGINE=InnoDB DEFAULT CHARSET=utf8;

-- Export de données de la table airbnb.equipement_chamber : ~26 rows (environ)
DELETE FROM `equipement_chamber`;
/*!40000 ALTER TABLE `equipement_chamber` DISABLE KEYS */;
INSERT INTO `equipement_chamber` (`equipement_id`, `chamber_id`) VALUES
	(1, 49),
	(2, 49),
	(3, 49),
	(4, 49),
	(5, 49),
	(6, 49),
	(7, 49),
	(1, 50),
	(2, 50),
	(3, 50),
	(4, 50),
	(5, 50),
	(6, 50),
	(7, 50),
	(1, 54),
	(2, 54),
	(3, 54),
	(4, 54),
	(5, 54),
	(6, 54),
	(7, 54),
	(1, 57),
	(2, 57),
	(3, 57),
	(4, 57),
	(5, 57),
	(6, 57),
	(7, 57);
/*!40000 ALTER TABLE `equipement_chamber` ENABLE KEYS */;

-- Export de la structure de la table airbnb. housing_types
DROP TABLE IF EXISTS `housing_types`;
CREATE TABLE IF NOT EXISTS `housing_types` (
  `id` int(11) unsigned NOT NULL AUTO_INCREMENT,
  `label` varchar(50) NOT NULL,
  PRIMARY KEY (`id`)
) ENGINE=InnoDB AUTO_INCREMENT=4 DEFAULT CHARSET=utf8;

-- Export de données de la table airbnb.housing_types : ~3 rows (environ)
DELETE FROM `housing_types`;
/*!40000 ALTER TABLE `housing_types` DISABLE KEYS */;
INSERT INTO `housing_types` (`id`, `label`) VALUES
	(1, 'Logement entier'),
	(2, 'Chambre privée'),
	(3, 'Chambre partagée');
/*!40000 ALTER TABLE `housing_types` ENABLE KEYS */;

-- Export de la structure de la table airbnb. reserved
DROP TABLE IF EXISTS `reserved`;
CREATE TABLE IF NOT EXISTS `reserved` (
  `chamber_id` int(11) unsigned NOT NULL,
  `user_id` int(11) unsigned NOT NULL,
  `start_time` datetime NOT NULL DEFAULT CURRENT_TIMESTAMP,
  `end_time` datetime NOT NULL,
  KEY `FK_reserved_chambers` (`chamber_id`),
  KEY `FK_reserved_users` (`user_id`),
  CONSTRAINT `FK_reserved_chambers` FOREIGN KEY (`chamber_id`) REFERENCES `chambers` (`id`) ON DELETE CASCADE,
  CONSTRAINT `FK_reserved_users` FOREIGN KEY (`user_id`) REFERENCES `users` (`id`) ON DELETE CASCADE
) ENGINE=InnoDB DEFAULT CHARSET=utf8;

-- Export de données de la table airbnb.reserved : ~0 rows (environ)
DELETE FROM `reserved`;
/*!40000 ALTER TABLE `reserved` DISABLE KEYS */;
/*!40000 ALTER TABLE `reserved` ENABLE KEYS */;

-- Export de la structure de la table airbnb. roles
DROP TABLE IF EXISTS `roles`;
CREATE TABLE IF NOT EXISTS `roles` (
  `id` int(11) unsigned NOT NULL AUTO_INCREMENT,
  `name` varchar(50) DEFAULT NULL,
  PRIMARY KEY (`id`)
) ENGINE=InnoDB AUTO_INCREMENT=3 DEFAULT CHARSET=utf8;

-- Export de données de la table airbnb.roles : ~2 rows (environ)
DELETE FROM `roles`;
/*!40000 ALTER TABLE `roles` DISABLE KEYS */;
INSERT INTO `roles` (`id`, `name`) VALUES
	(1, 'Advertiser'),
	(2, 'Customer');
/*!40000 ALTER TABLE `roles` ENABLE KEYS */;

-- Export de la structure de la table airbnb. users
DROP TABLE IF EXISTS `users`;
CREATE TABLE IF NOT EXISTS `users` (
  `id` int(11) unsigned NOT NULL AUTO_INCREMENT,
  `username` varchar(50) NOT NULL,
  `password` varchar(64) NOT NULL,
  `role_id` int(11) unsigned NOT NULL,
  PRIMARY KEY (`id`),
  KEY `FK_users_roles` (`role_id`),
  CONSTRAINT `FK_users_roles` FOREIGN KEY (`role_id`) REFERENCES `roles` (`id`)
) ENGINE=InnoDB AUTO_INCREMENT=4 DEFAULT CHARSET=utf8;

-- Export de données de la table airbnb.users : ~3 rows (environ)
DELETE FROM `users`;
/*!40000 ALTER TABLE `users` DISABLE KEYS */;
INSERT INTO `users` (`id`, `username`, `password`, `role_id`) VALUES
	(1, 'Admin', '8c6976e5b5410415bde908bd4dee15dfb167a9c873fc4bb8a81f6f2ab448a918', 1),
	(2, 'mod', '9f86d081884c7d659a2feaa0c55ad015a3bf4f1b2b0b822cd15d6c15b0f00a08', 1),
	(3, 't', 'e3b98a4da31a127d4bde6e43033f66ba274cab0eb7eb1c70ec41402bf6273dd8', 2);
/*!40000 ALTER TABLE `users` ENABLE KEYS */;

-- Export de la structure de la table airbnb. user_chambers
DROP TABLE IF EXISTS `user_chambers`;
CREATE TABLE IF NOT EXISTS `user_chambers` (
  `user_id` int(11) unsigned NOT NULL,
  `chamber_id` int(11) unsigned NOT NULL,
  KEY `FK_user_chambers_users` (`user_id`),
  KEY `FK_user_chambers_chambers` (`chamber_id`),
  CONSTRAINT `FK_user_chambers_chambers` FOREIGN KEY (`chamber_id`) REFERENCES `chambers` (`id`) ON DELETE CASCADE,
  CONSTRAINT `FK_user_chambers_users` FOREIGN KEY (`user_id`) REFERENCES `users` (`id`) ON DELETE CASCADE
) ENGINE=InnoDB DEFAULT CHARSET=utf8;

-- Export de données de la table airbnb.user_chambers : ~0 rows (environ)
DELETE FROM `user_chambers`;
/*!40000 ALTER TABLE `user_chambers` DISABLE KEYS */;
/*!40000 ALTER TABLE `user_chambers` ENABLE KEYS */;

/*!40101 SET SQL_MODE=IFNULL(@OLD_SQL_MODE, '') */;
/*!40014 SET FOREIGN_KEY_CHECKS=IF(@OLD_FOREIGN_KEY_CHECKS IS NULL, 1, @OLD_FOREIGN_KEY_CHECKS) */;
/*!40101 SET CHARACTER_SET_CLIENT=@OLD_CHARACTER_SET_CLIENT */;
